,Name,QTY,Price
0, Boulevard 89 Lager , 12pk  Can , 16.98 
1, Boulevard Brewing Co Flash Pack , 12pk 12 oz , 16.98 
2, Boulevard Brewing Phantom Haze , 4pk 16 oz Can , 11.98 
3, Boulevard Brewing Quirk Spiked & Sparkling Pear Yuzu , 6pk  Can , 9.99 
4, Boulevard Brewing Quirk Spiked & Sparkling Seltzer Mix Cans , 12pk  Can , 16.98 
5, Boulevard Brewing Quirk Spiked & Sparkling Strawberry Lemon Basil , 6pk  Can , 9.99 
6, Boulevard Cosmic Mix Pack Variety 12oz Cans , 12pk  Can , 16.98 
7, Boulevard Grapefruit Wheat , 12pk 12 oz , 16.98 
8, Boulevard KC Pils - 12oz bottle 6-pack , 6pk 12 oz , 9.99 
9, Boulevard Lager 6pk 12z , 6pk 12 oz , 9.99 
10, Boulevard Pale Ale , 12pk 12 oz , 16.98 
11, Boulevard Pale Ale - 12oz bottle 6-pack , 6pk 12 oz , 9.99 
12, Boulevard Pale Ale Cans , 12pk 12 oz Can , 16.98 
13, Boulevard Quirk Cherry Blossom 6pk , 6pk  Can , 9.99 
14, Boulevard Quirk Pineapple Orange 12z , 6pk 12 oz , 9.99 
15, Boulevard Quirk Seltzer Citrus Variety 12 Pack , 12pk  Can , 16.98 
16, Boulevard Quirk Whip Mix Pack 12cn , 12pk , 16.98 
17, Boulevard Rye On Rye Whiskey Barrel Aged Ale , 4pk 12 oz , 14.98 
18, Boulevard Seasonal 12z , 6pk 12 oz , 8.99 
19, Boulevard Single Wide IPA , , 9.99 - 16.98 
20, Boulevard Smoke Pack Dark Truth Stout , 6pk 12 oz , 13.98 
21, Boulevard Southwest Blvd , 12pk  Can , 16.98 
22, Boulevard Space Camper Cosmic IPA - 12oz can 12-pack , 12pk 12 oz Can , 16.98 
23, Boulevard Space Camper Cosmic IPA - 12oz can 6-pack , 6pk  Can , 9.99 
24, Boulevard Tank 7 , 6pk 12 oz , 13.98 
25, Boulevard Tank 7 Farmhouse Ale , 4pk 12 oz Can , 13.99 
26, Boulevard The Calling Double IPA 16oz Cans , 4pk 16 oz , 12.97 
27, Boulevard The Sixth Glass , 6pk , 13.98 
28, Boulevard Unfiltered Strawberry Wheat Ale Cns , 6pk  Can , 9.99 
29, Boulevard Unfiltered Wheat Beer - 12oz , 6pk 12 oz , 9.99 
30, Boulevard Unfiltered Wheat Beer - 12oz can 12-pack , 12pk 12 oz Can , 16.98 
31, Boulevard Wheat Bottles , 12pk 12 oz , 16.98 
32, Boulevard Whiskey Barrel Stout Bottles , 4pk , 14.98 
33, Byo Martin City Blonde Local , 6pk 12 oz , 8.98 
34, Byo Martin City Hardway IPA Local , 6pk , 8.98 
35, City Barrel Adulting 16z , 4pk 16 oz , 11.99 
36, City Barrel Beer League 12z , 6pk 12 oz Can , 10.98 
37, City Barrel Good Luck 12z , 6pk 12 oz Can , 10.98 
38, City Barrel Rad Af 12z , 6pk 12 oz Can , 14.98 
39, City Barrel Treat Yo Self 16z , 2 Options , 18.99 - 19.99 
40, Kc Bier Bier Box Variety 12 Pack , 12pk 12 oz , 17.98 
41, Kc Bier Co Dunkel , 6pk , 7.97 
42, Kc Bier Co Hefeweizen Local , 6pk , 7.97 
43, Kc Bier Co Helles Local , 6pk , 7.97 
44, Kc Bier Dunkel 12 Pack , 12pk 12 oz , 16.98 
45, Kc Bier Pils , 6pk 12 oz , 7.97 
46, Martin City Cafe Blonde , 6pk , 8.98 
47, Martin City Double Berry Sour 12z , 6pk 12 oz , 8.98 
48, Martin City Easy Way , 6pk , 8.98 
